column,group,description,dtype,role,n_unique_train,min_train,max_train,mean_train,source
id,Identifier,Unique article ID (rows numbered in publication order),integer,identifier,31715,,,,"UCI ML Repository - Online News Popularity (Fernandes, Vinagre & Cortez, 2015), CC BY 4.0: https://archive.ics.uci.edu/dataset/332/online+news+popularity"
publish_date,Time,Date the article was published on Mashable (YYYY-MM-DD),date,feature,599,,,,"UCI ML Repository - Online News Popularity (Fernandes, Vinagre & Cortez, 2015), CC BY 4.0: https://archive.ics.uci.edu/dataset/332/online+news+popularity"
weekday,Time,Day of the week the article was published,categorical,feature,7,,,,"UCI ML Repository - Online News Popularity (Fernandes, Vinagre & Cortez, 2015), CC BY 4.0: https://archive.ics.uci.edu/dataset/332/online+news+popularity"
channel,Topic,"Editorial section: Lifestyle, Entertainment, Business, Social Media, Tech, World or Other",categorical,feature,7,,,,"UCI ML Repository - Online News Popularity (Fernandes, Vinagre & Cortez, 2015), CC BY 4.0: https://archive.ics.uci.edu/dataset/332/online+news+popularity"
n_tokens_title,Text length,Number of words in the title,integer,feature,18,2.0,19.0,10.2166,"UCI ML Repository - Online News Popularity (Fernandes, Vinagre & Cortez, 2015), CC BY 4.0: https://archive.ics.uci.edu/dataset/332/online+news+popularity"
n_tokens_content,Text length,Number of words in the article body,integer,feature,2304,0.0,8474.0,545.0063,"UCI ML Repository - Online News Popularity (Fernandes, Vinagre & Cortez, 2015), CC BY 4.0: https://archive.ics.uci.edu/dataset/332/online+news+popularity"
n_unique_tokens,Text length,Share of words in the body that are unique (0-1),float,feature,23079,0.0,701.0,0.5646,"UCI ML Repository - Online News Popularity (Fernandes, Vinagre & Cortez, 2015), CC BY 4.0: https://archive.ics.uci.edu/dataset/332/online+news+popularity"
n_non_stop_words,Text length,"Share of body words that are not stop words like ""the"", ""and"" (0-1)",float,feature,1419,0.0,1042.0,1.0184,"UCI ML Repository - Online News Popularity (Fernandes, Vinagre & Cortez, 2015), CC BY 4.0: https://archive.ics.uci.edu/dataset/332/online+news+popularity"
n_non_stop_unique_tokens,Text length,Share of unique words among non-stop words (0-1),float,feature,19693,0.0,650.0,0.706,"UCI ML Repository - Online News Popularity (Fernandes, Vinagre & Cortez, 2015), CC BY 4.0: https://archive.ics.uci.edu/dataset/332/online+news+popularity"
num_hrefs,Links & media,Number of links in the article,integer,feature,129,0.0,187.0,11.1201,"UCI ML Repository - Online News Popularity (Fernandes, Vinagre & Cortez, 2015), CC BY 4.0: https://archive.ics.uci.edu/dataset/332/online+news+popularity"
num_self_hrefs,Links & media,Number of links pointing to other Mashable articles,integer,feature,57,0.0,74.0,3.4371,"UCI ML Repository - Online News Popularity (Fernandes, Vinagre & Cortez, 2015), CC BY 4.0: https://archive.ics.uci.edu/dataset/332/online+news+popularity"
num_imgs,Links & media,Number of images,integer,feature,89,0.0,128.0,4.734,"UCI ML Repository - Online News Popularity (Fernandes, Vinagre & Cortez, 2015), CC BY 4.0: https://archive.ics.uci.edu/dataset/332/online+news+popularity"
num_videos,Links & media,Number of videos,integer,feature,50,0.0,91.0,1.2607,"UCI ML Repository - Online News Popularity (Fernandes, Vinagre & Cortez, 2015), CC BY 4.0: https://archive.ics.uci.edu/dataset/332/online+news+popularity"
average_token_length,Text length,Average number of characters per word in the body,float,feature,25055,0.0,7.6957,4.6183,"UCI ML Repository - Online News Popularity (Fernandes, Vinagre & Cortez, 2015), CC BY 4.0: https://archive.ics.uci.edu/dataset/332/online+news+popularity"
num_keywords,Keywords,Number of keywords (tags) attached to the article,integer,feature,10,1.0,10.0,7.2939,"UCI ML Repository - Online News Popularity (Fernandes, Vinagre & Cortez, 2015), CC BY 4.0: https://archive.ics.uci.edu/dataset/332/online+news+popularity"
kw_min_min,Keywords,Least popular keyword: lowest share count among past articles using it,integer,feature,26,-1.0,377.0,32.8837,"UCI ML Repository - Online News Popularity (Fernandes, Vinagre & Cortez, 2015), CC BY 4.0: https://archive.ics.uci.edu/dataset/332/online+news+popularity"
kw_max_min,Keywords,Least popular keyword: highest share count among past articles using it,float,feature,1037,0.0,298400.0,1210.7417,"UCI ML Repository - Online News Popularity (Fernandes, Vinagre & Cortez, 2015), CC BY 4.0: https://archive.ics.uci.edu/dataset/332/online+news+popularity"
kw_avg_min,Keywords,Least popular keyword: average share count of past articles using it,float,feature,15280,-1.0,42827.8571,337.547,"UCI ML Repository - Online News Popularity (Fernandes, Vinagre & Cortez, 2015), CC BY 4.0: https://archive.ics.uci.edu/dataset/332/online+news+popularity"
kw_min_max,Keywords,Most popular keyword: lowest share count among past articles using it,integer,feature,923,0.0,843300.0,12395.4449,"UCI ML Repository - Online News Popularity (Fernandes, Vinagre & Cortez, 2015), CC BY 4.0: https://archive.ics.uci.edu/dataset/332/online+news+popularity"
kw_max_max,Keywords,Most popular keyword: highest share count among past articles using it,integer,feature,34,0.0,843300.0,729615.5951,"UCI ML Repository - Online News Popularity (Fernandes, Vinagre & Cortez, 2015), CC BY 4.0: https://archive.ics.uci.edu/dataset/332/online+news+popularity"
kw_avg_max,Keywords,Most popular keyword: average share count of past articles using it,float,feature,25586,0.0,843300.0,243379.5862,"UCI ML Repository - Online News Popularity (Fernandes, Vinagre & Cortez, 2015), CC BY 4.0: https://archive.ics.uci.edu/dataset/332/online+news+popularity"
kw_min_avg,Keywords,Average keyword: lowest share count among past articles using it,float,feature,12617,0.0,3613.0398,1071.4533,"UCI ML Repository - Online News Popularity (Fernandes, Vinagre & Cortez, 2015), CC BY 4.0: https://archive.ics.uci.edu/dataset/332/online+news+popularity"
kw_max_avg,Keywords,Average keyword: highest share count among past articles using it,float,feature,15652,0.0,298400.0,5679.5093,"UCI ML Repository - Online News Popularity (Fernandes, Vinagre & Cortez, 2015), CC BY 4.0: https://archive.ics.uci.edu/dataset/332/online+news+popularity"
kw_avg_avg,Keywords,Average keyword: average share count of past articles using it,float,feature,31437,0.0,43567.6599,3110.6515,"UCI ML Repository - Online News Popularity (Fernandes, Vinagre & Cortez, 2015), CC BY 4.0: https://archive.ics.uci.edu/dataset/332/online+news+popularity"
self_reference_min_shares,Self references,Lowest share count among the Mashable articles this one links to,float,feature,1205,0.0,843300.0,4189.1001,"UCI ML Repository - Online News Popularity (Fernandes, Vinagre & Cortez, 2015), CC BY 4.0: https://archive.ics.uci.edu/dataset/332/online+news+popularity"
self_reference_max_shares,Self references,Highest share count among the Mashable articles this one links to,float,feature,1054,0.0,843300.0,10984.2695,"UCI ML Repository - Online News Popularity (Fernandes, Vinagre & Cortez, 2015), CC BY 4.0: https://archive.ics.uci.edu/dataset/332/online+news+popularity"
self_reference_avg_shares,Self references,Average share count of the Mashable articles this one links to,float,feature,7342,0.0,843300.0,6793.6576,"UCI ML Repository - Online News Popularity (Fernandes, Vinagre & Cortez, 2015), CC BY 4.0: https://archive.ics.uci.edu/dataset/332/online+news+popularity"
LDA_00,Topic model,How closely the article matches automatically-discovered topic 0 (0-1; the five LDA columns sum to 1),float,feature,31538,0.0,0.927,0.1952,"UCI ML Repository - Online News Popularity (Fernandes, Vinagre & Cortez, 2015), CC BY 4.0: https://archive.ics.uci.edu/dataset/332/online+news+popularity"
LDA_01,Topic model,How closely the article matches automatically-discovered topic 1 (0-1; the five LDA columns sum to 1),float,feature,31357,0.0,0.9259,0.1412,"UCI ML Repository - Online News Popularity (Fernandes, Vinagre & Cortez, 2015), CC BY 4.0: https://archive.ics.uci.edu/dataset/332/online+news+popularity"
LDA_02,Topic model,How closely the article matches automatically-discovered topic 2 (0-1; the five LDA columns sum to 1),float,feature,31622,0.0,0.92,0.2027,"UCI ML Repository - Online News Popularity (Fernandes, Vinagre & Cortez, 2015), CC BY 4.0: https://archive.ics.uci.edu/dataset/332/online+news+popularity"
LDA_03,Topic model,How closely the article matches automatically-discovered topic 3 (0-1; the five LDA columns sum to 1),float,feature,31262,0.0,0.9265,0.2196,"UCI ML Repository - Online News Popularity (Fernandes, Vinagre & Cortez, 2015), CC BY 4.0: https://archive.ics.uci.edu/dataset/332/online+news+popularity"
LDA_04,Topic model,How closely the article matches automatically-discovered topic 4 (0-1; the five LDA columns sum to 1),float,feature,31494,0.0,0.9272,0.2413,"UCI ML Repository - Online News Popularity (Fernandes, Vinagre & Cortez, 2015), CC BY 4.0: https://archive.ics.uci.edu/dataset/332/online+news+popularity"
global_subjectivity,Sentiment,"How opinionated the body text is (0 = factual, 1 = opinion)",float,feature,28211,0.0,1.0,0.4523,"UCI ML Repository - Online News Popularity (Fernandes, Vinagre & Cortez, 2015), CC BY 4.0: https://archive.ics.uci.edu/dataset/332/online+news+popularity"
global_sentiment_polarity,Sentiment,"Overall tone of the body text (-1 = negative, +1 = positive)",float,feature,28331,-0.3938,0.7278,0.125,"UCI ML Repository - Online News Popularity (Fernandes, Vinagre & Cortez, 2015), CC BY 4.0: https://archive.ics.uci.edu/dataset/332/online+news+popularity"
global_rate_positive_words,Sentiment,Share of all body words that are positive,float,feature,11412,0.0,0.1528,0.041,"UCI ML Repository - Online News Popularity (Fernandes, Vinagre & Cortez, 2015), CC BY 4.0: https://archive.ics.uci.edu/dataset/332/online+news+popularity"
global_rate_negative_words,Sentiment,Share of all body words that are negative,float,feature,9055,0.0,0.1849,0.0168,"UCI ML Repository - Online News Popularity (Fernandes, Vinagre & Cortez, 2015), CC BY 4.0: https://archive.ics.uci.edu/dataset/332/online+news+popularity"
rate_positive_words,Sentiment,"Among emotional (non-neutral) words, share that are positive",float,feature,2064,0.0,1.0,0.6982,"UCI ML Repository - Online News Popularity (Fernandes, Vinagre & Cortez, 2015), CC BY 4.0: https://archive.ics.uci.edu/dataset/332/online+news+popularity"
rate_negative_words,Sentiment,"Among emotional (non-neutral) words, share that are negative",float,feature,2064,0.0,1.0,0.2873,"UCI ML Repository - Online News Popularity (Fernandes, Vinagre & Cortez, 2015), CC BY 4.0: https://archive.ics.uci.edu/dataset/332/online+news+popularity"
avg_positive_polarity,Sentiment,Average strength of positive words (0-1),float,feature,22624,0.0,1.0,0.3614,"UCI ML Repository - Online News Popularity (Fernandes, Vinagre & Cortez, 2015), CC BY 4.0: https://archive.ics.uci.edu/dataset/332/online+news+popularity"
min_positive_polarity,Sentiment,Weakest positive word strength (0-1),float,feature,33,0.0,1.0,0.0976,"UCI ML Repository - Online News Popularity (Fernandes, Vinagre & Cortez, 2015), CC BY 4.0: https://archive.ics.uci.edu/dataset/332/online+news+popularity"
max_positive_polarity,Sentiment,Strongest positive word strength (0-1),float,feature,38,0.0,1.0,0.7714,"UCI ML Repository - Online News Popularity (Fernandes, Vinagre & Cortez, 2015), CC BY 4.0: https://archive.ics.uci.edu/dataset/332/online+news+popularity"
avg_negative_polarity,Sentiment,Average strength of negative words (-1 to 0),float,feature,11639,-1.0,0.0,-0.2616,"UCI ML Repository - Online News Popularity (Fernandes, Vinagre & Cortez, 2015), CC BY 4.0: https://archive.ics.uci.edu/dataset/332/online+news+popularity"
min_negative_polarity,Sentiment,Strongest negative word strength (-1 to 0; most negative),float,feature,53,-1.0,0.0,-0.5211,"UCI ML Repository - Online News Popularity (Fernandes, Vinagre & Cortez, 2015), CC BY 4.0: https://archive.ics.uci.edu/dataset/332/online+news+popularity"
max_negative_polarity,Sentiment,Weakest negative word strength (-1 to 0; least negative),float,feature,49,-1.0,0.0,-0.1101,"UCI ML Repository - Online News Popularity (Fernandes, Vinagre & Cortez, 2015), CC BY 4.0: https://archive.ics.uci.edu/dataset/332/online+news+popularity"
title_subjectivity,Title sentiment,How opinionated the title is (0-1),float,feature,591,0.0,1.0,0.2805,"UCI ML Repository - Online News Popularity (Fernandes, Vinagre & Cortez, 2015), CC BY 4.0: https://archive.ics.uci.edu/dataset/332/online+news+popularity"
title_sentiment_polarity,Title sentiment,"Tone of the title (-1 = negative, +1 = positive)",float,feature,702,-1.0,1.0,0.0743,"UCI ML Repository - Online News Popularity (Fernandes, Vinagre & Cortez, 2015), CC BY 4.0: https://archive.ics.uci.edu/dataset/332/online+news+popularity"
abs_title_subjectivity,Title sentiment,Distance of title subjectivity from neutral 0.5,float,feature,466,0.0,0.5,0.342,"UCI ML Repository - Online News Popularity (Fernandes, Vinagre & Cortez, 2015), CC BY 4.0: https://archive.ics.uci.edu/dataset/332/online+news+popularity"
abs_title_sentiment_polarity,Title sentiment,Strength of title tone regardless of direction (0-1),float,feature,558,0.0,1.0,0.1555,"UCI ML Repository - Online News Popularity (Fernandes, Vinagre & Cortez, 2015), CC BY 4.0: https://archive.ics.uci.edu/dataset/332/online+news+popularity"
target,Target,"1 = popular (1,400 or more social-media shares), 0 = not popular. In train.csv only",binary,target,2,,,,"UCI ML Repository - Online News Popularity (Fernandes, Vinagre & Cortez, 2015), CC BY 4.0: https://archive.ics.uci.edu/dataset/332/online+news+popularity"
